day,cell_type,cells/g,Condition,id,Experiment
1,CD45,6244571.853,Untreated,1,Hosoi_2014_Fig1
1,CD45,4524177.152,Untreated,2,Hosoi_2014_Fig1
1,CD45,2727103.065,Untreated,3,Hosoi_2014_Fig1
1,CD45,3774736.534,TST,4,Hosoi_2014_Fig1
1,CD45,3195108.574,TST,5,Hosoi_2014_Fig1
1,CD45,3445563.415,TST,6,Hosoi_2014_Fig1
1,CTL,0,Untreated,1,Hosoi_2014_Fig1
1,CTL,0,Untreated,2,Hosoi_2014_Fig1
1,CTL,0,Untreated,3,Hosoi_2014_Fig1
1,CTL,26083.42945,TST,4,Hosoi_2014_Fig1
1,CTL,13387.50492,TST,5,Hosoi_2014_Fig1
1,CTL,20432.19105,TST,6,Hosoi_2014_Fig1
1,NK,235420.3589,Untreated,1,Hosoi_2014_Fig1
1,NK,95460.13791,Untreated,2,Hosoi_2014_Fig1
1,NK,262892.7355,Untreated,3,Hosoi_2014_Fig1
1,NK,199306.089,TST,4,Hosoi_2014_Fig1
1,NK,84350.86635,TST,5,Hosoi_2014_Fig1
1,NK,79592.51489,TST,6,Hosoi_2014_Fig1
1,HostCD8,1486208.101,Untreated,1,Hosoi_2014_Fig1
1,HostCD8,196349.2884,Untreated,2,Hosoi_2014_Fig1
1,HostCD8,104993.468,Untreated,3,Hosoi_2014_Fig1
1,HostCD8,153254.3033,TST,4,Hosoi_2014_Fig1
1,HostCD8,43133.96575,TST,5,Hosoi_2014_Fig1
1,HostCD8,33284.14259,TST,6,Hosoi_2014_Fig1
1,CD4,287250.3053,Untreated,1,Hosoi_2014_Fig1
1,CD4,307644.0463,Untreated,2,Hosoi_2014_Fig1
1,CD4,122719.6379,Untreated,3,Hosoi_2014_Fig1
1,CD4,109467.3595,TST,4,Hosoi_2014_Fig1
1,CD4,137389.6687,TST,5,Hosoi_2014_Fig1
1,CD4,82693.52197,TST,6,Hosoi_2014_Fig1
1,CD11bGr1,3609362.531,Untreated,1,Hosoi_2014_Fig1
1,CD11bGr1,2936190.972,Untreated,2,Hosoi_2014_Fig1
1,CD11bGr1,1846248.775,Untreated,3,Hosoi_2014_Fig1
1,CD11bGr1,2831052.4,TST,4,Hosoi_2014_Fig1
1,CD11bGr1,2610403.705,TST,5,Hosoi_2014_Fig1
1,CD11bGr1,2959738.974,TST,6,Hosoi_2014_Fig1
3,CD45,3020662.227,Untreated,11,Hosoi_2014_Fig1
3,CD45,3951755.489,Untreated,12,Hosoi_2014_Fig1
3,CD45,2576375.516,Untreated,13,Hosoi_2014_Fig1
3,CD45,10781570.23,TST,14,Hosoi_2014_Fig1
3,CD45,12047829.34,TST,15,Hosoi_2014_Fig1
3,CD45,20355436.08,TST,16,Hosoi_2014_Fig1
3,CTL,0,Untreated,11,Hosoi_2014_Fig1
3,CTL,0,Untreated,12,Hosoi_2014_Fig1
3,CTL,0,Untreated,13,Hosoi_2014_Fig1
3,CTL,1951464.212,TST,14,Hosoi_2014_Fig1
3,CTL,2144513.622,TST,15,Hosoi_2014_Fig1
3,CTL,3480779.57,TST,16,Hosoi_2014_Fig1
3,NK,130794.6744,Untreated,11,Hosoi_2014_Fig1
3,NK,156094.3418,Untreated,12,Hosoi_2014_Fig1
3,NK,69046.86382,Untreated,13,Hosoi_2014_Fig1
3,NK,640425.2718,TST,14,Hosoi_2014_Fig1
3,NK,781904.1239,TST,15,Hosoi_2014_Fig1
3,NK,1485946.834,TST,16,Hosoi_2014_Fig1
3,HostCD8,54976.05254,Untreated,11,Hosoi_2014_Fig1
3,HostCD8,98398.71166,Untreated,12,Hosoi_2014_Fig1
3,HostCD8,32977.6066,Untreated,13,Hosoi_2014_Fig1
3,HostCD8,89379.21722,TST,14,Hosoi_2014_Fig1
3,HostCD8,179512.6571,TST,15,Hosoi_2014_Fig1
3,HostCD8,354184.5878,TST,16,Hosoi_2014_Fig1
3,CD4,96661.19127,Untreated,11,Hosoi_2014_Fig1
3,CD4,135940.3888,Untreated,12,Hosoi_2014_Fig1
3,CD4,140927.7407,Untreated,13,Hosoi_2014_Fig1
3,CD4,145551.1981,TST,14,Hosoi_2014_Fig1
3,CD4,216860.9281,TST,15,Hosoi_2014_Fig1
3,CD4,466139.4863,TST,16,Hosoi_2014_Fig1
3,CD4Foxp3-,87599.20459,Untreated,11,Hosoi_2014_Fig1
3,CD4Foxp3-,71131.59879,Untreated,12,Hosoi_2014_Fig1
3,CD4Foxp3-,61833.01238,Untreated,13,Hosoi_2014_Fig1
3,CD4Foxp3-,75470.99162,TST,14,Hosoi_2014_Fig1
3,CD4Foxp3-,84334.80535,TST,15,Hosoi_2014_Fig1
3,CD4Foxp3-,183198.9247,TST,16,Hosoi_2014_Fig1
3,CD11bGr1,2271537.995,Untreated,11,Hosoi_2014_Fig1
3,CD11bGr1,2900588.529,Untreated,12,Hosoi_2014_Fig1
3,CD11bGr1,1865295.873,Untreated,13,Hosoi_2014_Fig1
3,CD11bGr1,6900204.948,TST,14,Hosoi_2014_Fig1
3,CD11bGr1,7782897.751,TST,15,Hosoi_2014_Fig1
3,CD11bGr1,13251388.89,TST,16,Hosoi_2014_Fig1
5,CD45,5430357.628,Untreated,17,Hosoi_2014_Fig1
5,CD45,3636212.061,Untreated,18,Hosoi_2014_Fig1
5,CD45,3569507.102,Untreated,19,Hosoi_2014_Fig1
5,CD45,20329166.67,TST,20,Hosoi_2014_Fig1
5,CD45,21268839.82,TST,21,Hosoi_2014_Fig1
5,CD45,10872585.52,TST,22,Hosoi_2014_Fig1
5,CD45,9288641.147,TST,23,Hosoi_2014_Fig1
5,CD45,16724732.75,TST,24,Hosoi_2014_Fig1
5,CTL,0,Untreated,17,Hosoi_2014_Fig1
5,CTL,0,Untreated,18,Hosoi_2014_Fig1
5,CTL,0,Untreated,19,Hosoi_2014_Fig1
5,CTL,3781225,TST,20,Hosoi_2014_Fig1
5,CTL,4870564.318,TST,21,Hosoi_2014_Fig1
5,CTL,2663783.452,TST,22,Hosoi_2014_Fig1
5,CTL,1179657.426,TST,23,Hosoi_2014_Fig1
5,CTL,4231357.386,TST,24,Hosoi_2014_Fig1
5,NK,124898.2254,Untreated,17,Hosoi_2014_Fig1
5,NK,86541.84704,Untreated,18,Hosoi_2014_Fig1
5,NK,47117.49375,Untreated,19,Hosoi_2014_Fig1
5,NK,1664958.75,TST,20,Hosoi_2014_Fig1
5,NK,2009905.363,TST,21,Hosoi_2014_Fig1
5,NK,1119876.308,TST,22,Hosoi_2014_Fig1
5,NK,676213.0755,TST,23,Hosoi_2014_Fig1
5,NK,1940068.999,TST,24,Hosoi_2014_Fig1
5,HostCD8,116413.2916,Untreated,17,Hosoi_2014_Fig1
5,HostCD8,47462.13637,Untreated,18,Hosoi_2014_Fig1
5,HostCD8,41665.07165,Untreated,19,Hosoi_2014_Fig1
5,HostCD8,536690,TST,20,Hosoi_2014_Fig1
5,HostCD8,484929.5478,TST,21,Hosoi_2014_Fig1
5,HostCD8,310955.9458,TST,22,Hosoi_2014_Fig1
5,HostCD8,88157.6487,TST,23,Hosoi_2014_Fig1
5,HostCD8,324459.8154,TST,24,Hosoi_2014_Fig1
5,CD4,212326.9832,Untreated,17,Hosoi_2014_Fig1
5,CD4,137085.1947,Untreated,18,Hosoi_2014_Fig1
5,CD4,119578.4879,Untreated,19,Hosoi_2014_Fig1
5,CD4,615973.75,TST,20,Hosoi_2014_Fig1
5,CD4,495563.9678,TST,21,Hosoi_2014_Fig1
5,CD4,230498.813,TST,22,Hosoi_2014_Fig1
5,CD4Foxp3-,88243.31145,Untreated,17,Hosoi_2014_Fig1
5,CD4Foxp3-,38275.91643,Untreated,18,Hosoi_2014_Fig1
5,CD4Foxp3-,43994.17503,Untreated,19,Hosoi_2014_Fig1
5,CD4Foxp3-,447241.6667,TST,20,Hosoi_2014_Fig1
5,CD4Foxp3-,510452.1556,TST,21,Hosoi_2014_Fig1
5,CD4Foxp3-,228324.2958,TST,22,Hosoi_2014_Fig1
5,CD4Foxp3-,56998.47977,TST,23,Hosoi_2014_Fig1
5,CD4Foxp3-,501741.9825,TST,24,Hosoi_2014_Fig1
5,CD11bGr1,4061907.505,Untreated,17,Hosoi_2014_Fig1
5,CD11bGr1,2876243.74,Untreated,18,Hosoi_2014_Fig1
5,CD11bGr1,3005524.98,Untreated,19,Hosoi_2014_Fig1
5,CD11bGr1,11099725,TST,20,Hosoi_2014_Fig1
5,CD11bGr1,10336656.15,TST,21,Hosoi_2014_Fig1
5,CD11bGr1,5175350.706,TST,22,Hosoi_2014_Fig1
5,CD11bGr1,6241966.851,TST,23,Hosoi_2014_Fig1
5,CD11bGr1,8011146.987,TST,24,Hosoi_2014_Fig1
7,CD45,3886113.152,Untreated,24,Hosoi_2014_Fig1
7,CD45,3286974.292,Untreated,25,Hosoi_2014_Fig1
7,CD45,4753686.704,Untreated,26,Hosoi_2014_Fig1
7,CD45,4659167.766,TST,27,Hosoi_2014_Fig1
7,CD45,9775716.595,TST,28,Hosoi_2014_Fig1
7,CD45,8526785.714,TST,29,Hosoi_2014_Fig1
7,CTL,0,Untreated,24,Hosoi_2014_Fig1
7,CTL,0,Untreated,25,Hosoi_2014_Fig1
7,CTL,0,Untreated,26,Hosoi_2014_Fig1
7,CTL,1208642.932,TST,27,Hosoi_2014_Fig1
7,CTL,891545.3534,TST,28,Hosoi_2014_Fig1
7,CTL,1074375,TST,29,Hosoi_2014_Fig1
7,NK,127464.5114,Untreated,24,Hosoi_2014_Fig1
7,NK,47332.4298,Untreated,25,Hosoi_2014_Fig1
7,NK,88418.57269,Untreated,26,Hosoi_2014_Fig1
7,NK,544848.56,TST,27,Hosoi_2014_Fig1
7,NK,1075328.825,TST,28,Hosoi_2014_Fig1
7,NK,1185223.214,TST,29,Hosoi_2014_Fig1
7,HostCD8,40274.26358,Untreated,24,Hosoi_2014_Fig1
7,HostCD8,7782.395015,Untreated,25,Hosoi_2014_Fig1
7,HostCD8,125987.2795,Untreated,26,Hosoi_2014_Fig1
7,HostCD8,151559.9868,TST,27,Hosoi_2014_Fig1
7,HostCD8,156658.952,TST,28,Hosoi_2014_Fig1
7,HostCD8,73621.51568,TST,29,Hosoi_2014_Fig1
7,CD4,101038.942,Untreated,24,Hosoi_2014_Fig1
7,CD4,82174.3573,Untreated,25,Hosoi_2014_Fig1
7,CD4,175886.408,Untreated,26,Hosoi_2014_Fig1
7,CD4,211032.8929,TST,27,Hosoi_2014_Fig1
7,CD4,312822.931,TST,28,Hosoi_2014_Fig1
7,CD4,247276.7857,TST,29,Hosoi_2014_Fig1
7,CD11bGr1,2471567.965,Untreated,24,Hosoi_2014_Fig1
7,CD11bGr1,2268012.261,Untreated,25,Hosoi_2014_Fig1
7,CD11bGr1,3531989.221,Untreated,26,Hosoi_2014_Fig1
7,CD11bGr1,1528207.027,TST,27,Hosoi_2014_Fig1
7,CD11bGr1,6060944.289,TST,28,Hosoi_2014_Fig1
7,CD11bGr1,4740892.857,TST,29,Hosoi_2014_Fig1
3,CD45,17561216.78,TST+RatIgG,1,Hosoi_2014_Fig5
3,CD45,19646850.22,TST+RatIgG,2,Hosoi_2014_Fig5
3,CD45,18936124.39,TST+RatIgG,3,Hosoi_2014_Fig5
3,CD45,19360693.06,TST+anti-IFNg,4,Hosoi_2014_Fig5
3,CD45,10893045.05,TST+anti-IFNg,5,Hosoi_2014_Fig5
3,CD45,17624884.5,TST+anti-IFNg,6,Hosoi_2014_Fig5
3,CTL,1341676.962,TST+RatIgG,1,Hosoi_2014_Fig5
3,CTL,2200447.225,TST+RatIgG,2,Hosoi_2014_Fig5
3,CTL,3010843.778,TST+RatIgG,3,Hosoi_2014_Fig5
3,CTL,2207119.008,TST+anti-IFNg,4,Hosoi_2014_Fig5
3,CTL,416114.3209,TST+anti-IFNg,5,Hosoi_2014_Fig5
3,CTL,1542177.394,TST+anti-IFNg,6,Hosoi_2014_Fig5
3,Gr1highLy6C+,1430473.059,TST+RatIgG,1,Hosoi_2014_Fig5
3,Gr1highLy6C+,817471.0862,TST+RatIgG,2,Hosoi_2014_Fig5
3,Gr1highLy6C+,160800.7188,TST+RatIgG,3,Hosoi_2014_Fig5
3,Gr1highLy6C+,4178472.294,TST+anti-IFNg,4,Hosoi_2014_Fig5
3,Gr1highLy6C+,1829686.565,TST+anti-IFNg,5,Hosoi_2014_Fig5
3,Gr1highLy6C+,2353720.701,TST+anti-IFNg,6,Hosoi_2014_Fig5
3,Gr1intLy6C+,6587960.96,TST+RatIgG,1,Hosoi_2014_Fig5
3,Gr1intLy6C+,7658297.676,TST+RatIgG,2,Hosoi_2014_Fig5
3,Gr1intLy6C+,6980008.855,TST+RatIgG,3,Hosoi_2014_Fig5
3,Gr1intLy6C+,3976459.639,TST+anti-IFNg,4,Hosoi_2014_Fig5
3,Gr1intLy6C+,2593731.504,TST+anti-IFNg,5,Hosoi_2014_Fig5
3,Gr1intLy6C+,4678141.975,TST+anti-IFNg,6,Hosoi_2014_Fig5
3,Gr1lowLy6C-,1654288.572,TST+RatIgG,1,Hosoi_2014_Fig5
3,Gr1lowLy6C-,2461203.27,TST+RatIgG,2,Hosoi_2014_Fig5
3,Gr1lowLy6C-,1733773.113,TST+RatIgG,3,Hosoi_2014_Fig5
3,Gr1lowLy6C-,2328461.66,TST+anti-IFNg,4,Hosoi_2014_Fig5
3,Gr1lowLy6C-,2198304.738,TST+anti-IFNg,5,Hosoi_2014_Fig5
3,Gr1lowLy6C-,2549050.22,TST+anti-IFNg,6,Hosoi_2014_Fig5
3,CD45,9737212.873,TST,8,Hirano_2015_Fig1
3,CD45,16505117.01,TST,9,Hirano_2015_Fig1
3,CD45,9111717.626,TST,10,Hirano_2015_Fig1
3,CD45,15449254.85,TST,11,Hirano_2015_Fig1
3,CTL,1596902.911,TST,8,Hirano_2015_Fig1
3,CTL,2277706.147,TST,9,Hirano_2015_Fig1
3,CTL,,TST,10,Hirano_2015_Fig1
3,CTL,3074401.714,TST,11,Hirano_2015_Fig1
5,CD45,4543667.546,TST,5,Hirano_2015_Fig1
5,CD45,10943656.42,TST,6,Hirano_2015_Fig1
5,CD45,7806896.552,TST,7,Hirano_2015_Fig1
5,CD45,11324641.46,TST,8,Hirano_2015_Fig1
5,CTL,654288.1266,TST,5,Hirano_2015_Fig1
5,CTL,1236633.176,TST,6,Hirano_2015_Fig1
5,CTL,,TST,7,Hirano_2015_Fig1
5,CTL,1223061.278,TST,8,Hirano_2015_Fig1
7,CD45,8429652.845,TST,3,Hirano_2015_Fig1
7,CD45,6262698.962,TST,4,Hirano_2015_Fig1
7,CD45,5810820.469,TST,5,Hirano_2015_Fig1
7,CD45,6678390.546,TST,6,Hirano_2015_Fig1
7,CTL,571530.4629,TST,3,Hirano_2015_Fig1
7,CTL,454985.0796,TST,4,Hirano_2015_Fig1
7,CTL,,TST,5,Hirano_2015_Fig1
7,CTL,529596.3703,TST,6,Hirano_2015_Fig1
17,CD45,4919330.289,TST,5,Hirano_2015_Fig1
17,CD45,9313947.119,TST,6,Hirano_2015_Fig1
17,CD45,7748108.747,TST,7,Hirano_2015_Fig1
17,CTL,100354.3379,TST,5,Hirano_2015_Fig1
17,CTL,131326.6544,TST,6,Hirano_2015_Fig1
17,CTL,197964.1785,TST,7,Hirano_2015_Fig1
10,CD45,3648963.429,Untreated,1,Hirano_2015_Fig2
10,CD45,2544281.525,Untreated,2,Hirano_2015_Fig2
10,CD45,2572429.467,Untreated,3,Hirano_2015_Fig2
10,CD45,10686580.05,TST,4,Hirano_2015_Fig2
10,CD45,6855060.586,TST,5,Hirano_2015_Fig2
10,CD45,9174865.562,TST,6,Hirano_2015_Fig2
10,CD45,10081147.28,TST,7,Hirano_2015_Fig2
5,CD45,4232715.769,Untreated,1,Hirano_2015_Fig2
5,CD45,3173105.573,Untreated,2,Hirano_2015_Fig2
5,CD45,3636426.463,Untreated,3,Hirano_2015_Fig2
5,CD45,10408002.01,TST,4,Hirano_2015_Fig2
5,CD45,15822146.42,TST,5,Hirano_2015_Fig2
5,CD45,17164290.43,TST,6,Hirano_2015_Fig2
0,CD45,7939645.056,Untreated,7,Hirano_2015_Fig2
5,CD11bGr1,3030624.491,Untreated,1,Hirano_2015_Fig2
5,CD11bGr1,2443291.291,Untreated,2,Hirano_2015_Fig2
5,CD11bGr1,2752774.833,Untreated,3,Hirano_2015_Fig2
5,Gr1intLy6C+,1181943.551,Untreated,1,Hirano_2015_Fig2
5,Gr1intLy6C+,1126357.285,Untreated,2,Hirano_2015_Fig2
5,Gr1intLy6C+,1046054.436,Untreated,3,Hirano_2015_Fig2
5,CD11bGr1,6536225.263,TST,4,Hirano_2015_Fig2
5,CD11bGr1,9793908.633,TST,5,Hirano_2015_Fig2
5,CD11bGr1,8685130.957,TST,6,Hirano_2015_Fig2
5,Gr1intLy6C+,5490429.221,TST,4,Hirano_2015_Fig2
5,Gr1intLy6C+,8217089.343,TST,5,Hirano_2015_Fig2
5,Gr1intLy6C+,6479107.694,TST,6,Hirano_2015_Fig2
10,CD11bGr1,2714828.791,Untreated,1,Hirano_2015_Fig2
10,CD11bGr1,1798807.038,Untreated,2,Hirano_2015_Fig2
10,CD11bGr1,1857294.075,Untreated,3,Hirano_2015_Fig2
10,Gr1intLy6C+,602691.9916,Untreated,1,Hirano_2015_Fig2
10,Gr1intLy6C+,530648.0762,Untreated,2,Hirano_2015_Fig2
10,Gr1intLy6C+,586904.9278,Untreated,3,Hirano_2015_Fig2
10,CD11bGr1,6668425.95,TST,4,Hirano_2015_Fig2
10,CD11bGr1,4723136.743,TST,5,Hirano_2015_Fig2
10,CD11bGr1,5615017.724,TST,6,Hirano_2015_Fig2
10,CD11bGr1,6502339.994,TST,7,Hirano_2015_Fig2
10,Gr1intLy6C+,3140828.623,TST,4,Hirano_2015_Fig2
10,Gr1intLy6C+,1931762.928,TST,5,Hirano_2015_Fig2
10,Gr1intLy6C+,2554833.064,TST,6,Hirano_2015_Fig2
10,Gr1intLy6C+,2438377.498,TST,7,Hirano_2015_Fig2
0,CD11bGr1,4724088.808,Untreated,7,Hirano_2015_Fig2
0,Gr1intLy6C+,2031358.19,Untreated,7,Hirano_2015_Fig2
1,CD45,4993589.744,Untreated,1,2012
1,CD45,5180251.18,Untreated,2,2012
1,CD45,2772446.822,Untreated,3,2012
1,CD45,1394078.834,TST,4,2012
1,CD45,3564392.479,TST,5,2012
1,CD45,3545146.173,TST,6,2012
1,CTL,0,Untreated,1,2012
1,CTL,0,Untreated,2,2012
1,CTL,0,Untreated,3,2012
1,CTL,9214.86109,TST,4,2012
1,CTL,14328.85777,TST,5,2012
1,CTL,20278.23611,TST,6,2012
1,CD11bGr1,1448141.026,Untreated,1,2012
1,CD11bGr1,1750924.899,Untreated,2,2012
1,CD11bGr1,720836.1736,Untreated,3,2012
1,CD11bGr1,188200.6425,TST,4,2012
1,CD11bGr1,1350904.75,TST,5,2012
1,CD11bGr1,1109630.752,TST,6,2012
1,Gr1highLy6C+,181017.6282,Untreated,1,2012
1,Gr1highLy6C+,789667.1294,Untreated,2,2012
1,Gr1highLy6C+,64875.25563,Untreated,3,2012
1,Gr1highLy6C+,8469.028914,TST,4,2012
1,Gr1highLy6C+,322866.2352,TST,5,2012
1,Gr1highLy6C+,307367.7183,TST,6,2012
1,Gr1intLy6C+,1067279.936,Untreated,1,2012
1,Gr1intLy6C+,805425.4535,Untreated,2,2012
1,Gr1intLy6C+,563693.8878,Untreated,3,2012
1,Gr1intLy6C+,114802.3919,TST,4,2012
1,Gr1intLy6C+,756506.6598,TST,5,2012
1,Gr1intLy6C+,725698.5119,TST,6,2012
1,Gr1lowLy6C-,398238.7821,Untreated,1,2012
1,Gr1lowLy6C-,525277.4697,Untreated,2,2012
1,Gr1lowLy6C-,289055.3056,Untreated,3,2012
1,Gr1lowLy6C-,113673.1881,TST,4,2012
1,Gr1lowLy6C-,586292.6614,TST,5,2012
1,Gr1lowLy6C-,599200.6062,TST,6,2012
1,NK,193751.2821,Untreated,1,2012
1,NK,110339.3501,Untreated,2,2012
1,NK,271977.0332,Untreated,3,2012
1,NK,73049.73088,TST,4,2012
1,NK,94099.96146,TST,5,2012
1,NK,82601.90583,TST,6,2012
1,HostCD8,1188474.359,Untreated,1,2012
1,HostCD8,224822.9012,Untreated,2,2012
1,HostCD8,106739.2026,Untreated,3,2012
1,HostCD8,56599.60064,TST,4,2012
1,HostCD8,48119.29847,TST,5,2012
1,HostCD8,34246.11203,TST,6,2012
3,CD45,3738214.174,Untreated,11,2012
3,CD45,4258093.123,Untreated,12,2012
3,CD45,2724656.121,Untreated,13,2012
3,CD45,12533235.92,TST,14,2012
3,CD45,14802895.38,TST,15,2012
3,CD45,22320788.53,TST,16,2012
3,CTL,0,Untreated,11,2012
3,CTL,0,Untreated,12,2012
3,CTL,0,Untreated,13,2012
3,CTL,2268515.702,TST,14,2012
3,CTL,2605309.586,TST,15,2012
3,CTL,3772213.262,TST,16,2012
3,CD11bGr1,1147631.751,Untreated,11,2012
3,CD11bGr1,1388138.358,Untreated,12,2012
3,CD11bGr1,779251.6506,Untreated,13,2012
3,CD11bGr1,6379417.086,TST,14,2012
3,CD11bGr1,7564279.538,TST,15,2012
3,CD11bGr1,11562168.46,TST,16,2012
3,Gr1highLy6C+,146896.8642,Untreated,11,2012
3,Gr1highLy6C+,359527.8348,Untreated,12,2012
3,Gr1highLy6C+,165201.3499,Untreated,13,2012
3,Gr1highLy6C+,2009516.382,TST,14,2012
3,Gr1highLy6C+,1346441.758,TST,15,2012
3,Gr1highLy6C+,647481.4337,TST,16,2012
3,Gr1intLy6C+,880233.5533,Untreated,11,2012
3,Gr1intLy6C+,912006.9013,Untreated,12,2012
3,Gr1intLy6C+,554827.1752,Untreated,13,2012
3,Gr1intLy6C+,4057309.266,TST,14,2012
3,Gr1intLy6C+,5650516.815,TST,15,2012
3,Gr1intLy6C+,10348140.77,TST,16,2012
3,Gr1lowLy6C-,502662.7071,Untreated,11,2012
3,Gr1lowLy6C-,558031.62,Untreated,12,2012
3,Gr1lowLy6C-,335857.4614,Untreated,13,2012
3,Gr1lowLy6C-,771909.4673,TST,14,2012
3,Gr1lowLy6C-,900149.265,TST,15,2012
3,Gr1lowLy6C-,1341211.541,TST,16,2012
3,CD4+Foxp3+,59811.42678,Untreated,11,2012
3,CD4+Foxp3+,80903.76934,Untreated,12,2012
3,CD4+Foxp3+,24521.90509,Untreated,13,2012
3,CD4+Foxp3+,25066.47185,TST,14,2012
3,CD4+Foxp3+,29605.79075,TST,15,2012
3,CD4+Foxp3+,111603.9427,TST,16,2012
3,NK,153266.7811,Untreated,11,2012
3,NK,166065.6318,Untreated,12,2012
3,NK,70296.12792,Untreated,13,2012
3,NK,757007.4498,TST,14,2012
3,NK,978471.3844,TST,15,2012
3,NK,1658434.588,TST,16,2012
3,HostCD8,68035.49797,Untreated,11,2012
3,HostCD8,106026.5188,Untreated,12,2012
3,HostCD8,34875.59835,Untreated,13,2012
3,HostCD8,103900.5258,TST,14,2012
3,HostCD8,220563.1411,TST,15,2012
3,HostCD8,388381.7204,TST,16,2012
5,CD45,7485087.541,Untreated,17,2012
5,CD45,4126198.083,Untreated,18,2012
5,CD45,5123969.872,Untreated,19,2012
5,CD45,22870312.5,TST,20,2012
5,CD45,24286715.74,TST,21,2012
5,CD45,12089098.58,TST,22,2012
5,CD45,11303045.25,TST,23,2012
5,CD45,19342517.01,TST,24,2012
5,CTL,0,Untreated,17,2012
5,CTL,0,Untreated,18,2012
5,CTL,0,Untreated,19,2012
5,CTL,4208137.5,TST,20,2012
5,CTL,5513084.472,TST,21,2012
5,CTL,2792581.772,TST,22,2012
5,CTL,1401577.611,TST,23,2012
5,CTL,4738916.667,TST,24,2012
5,CD11bGr1,3585356.932,Untreated,17,2012
5,CD11bGr1,1799022.364,Untreated,18,2012
5,CD11bGr1,2638844.484,Untreated,19,2012
5,CD11bGr1,8301923.438,TST,20,2012
5,CD11bGr1,8427490.361,TST,21,2012
5,CD11bGr1,4074026.222,TST,22,2012
5,CD11bGr1,6148856.617,TST,23,2012
5,CD11bGr1,6885936.054,TST,24,2012
5,Gr1highLy6C+,2176311.658,Untreated,17,2012
5,Gr1highLy6C+,710613.8339,Untreated,18,2012
5,Gr1highLy6C+,1691499.314,Untreated,19,2012
5,Gr1highLy6C+,1519251.989,TST,20,2012
5,Gr1highLy6C+,1887757.841,TST,21,2012
5,Gr1highLy6C+,1425909.178,TST,22,2012
5,Gr1highLy6C+,2084462.393,TST,23,2012
5,Gr1highLy6C+,1143065.385,TST,24,2012
5,Gr1intLy6C+,1193923.858,Untreated,17,2012
5,Gr1intLy6C+,980467.1885,Untreated,18,2012
5,Gr1intLy6C+,839152.546,Untreated,19,2012
5,Gr1intLy6C+,6350971.43,TST,20,2012
5,Gr1intLy6C+,5730693.445,TST,21,2012
5,Gr1intLy6C+,2305898.842,TST,22,2012
5,Gr1intLy6C+,3861481.955,TST,23,2012
5,Gr1intLy6C+,5026733.32,TST,24,2012
5,Gr1lowLy6C-,928607.4454,Untreated,17,2012
5,Gr1lowLy6C-,627858.8051,Untreated,18,2012
5,Gr1lowLy6C-,852346.7684,Untreated,19,2012
5,Gr1lowLy6C-,1552459.683,TST,20,2012
5,Gr1lowLy6C-,1171421.16,TST,21,2012
5,Gr1lowLy6C-,566289.6448,TST,22,2012
5,Gr1lowLy6C-,811649.0734,TST,23,2012
5,Gr1lowLy6C-,846970.1347,TST,24,2012
5,NK,167665.9609,Untreated,17,2012
5,NK,96140.41534,Untreated,18,2012
5,NK,69173.59328,Untreated,19,2012
5,NK,1827337.969,TST,20,2012
5,NK,2241663.863,TST,21,2012
5,NK,1181104.931,TST,22,2012
5,NK,812688.9536,TST,23,2012
5,NK,2127676.871,TST,24,2012
5,HostCD8,160461.5642,Untreated,17,2012
5,HostCD8,53857.7434,Untreated,18,2012
5,HostCD8,59809.53833,Untreated,19,2012
5,HostCD8,603776.25,TST,20,2012
5,HostCD8,553737.1188,TST,21,2012
5,HostCD8,345748.2194,TST,22,2012
5,HostCD8,107276.1749,TST,23,2012
5,HostCD8,375244.8299,TST,24,2012
5,CD4+Foxp3+,59880.70033,Untreated,17,2012
5,CD4+Foxp3+,74271.5655,Untreated,18,2012
5,CD4+Foxp3+,20495.87949,Untreated,19,2012
5,CD4+Foxp3+,274443.75,TST,20,2012
5,CD4+Foxp3+,194293.7259,TST,21,2012
5,CD4+Foxp3+,72534.59149,TST,22,2012
5,CD4+Foxp3+,79121.31676,TST,23,2012
5,CD4+Foxp3+,193425.1701,TST,24,2012
7,CD45,3660176.341,Untreated,24,2012
7,CD45,3343437.654,Untreated,25,2012
7,CD45,5597799.296,Untreated,26,2012
7,CD45,3836961.69,TST,27,2012
7,CD45,11306258.08,TST,28,2012
7,CD45,9822857.143,TST,29,2012
7,CTL,0,Untreated,24,2012
7,CTL,0,Untreated,25,2012
7,CTL,0,Untreated,26,2012
7,CTL,1085860.158,TST,27,2012
7,CTL,983644.4531,TST,28,2012
7,CTL,1168920,TST,29,2012
7,CD11bGr1,900403.3799,Untreated,24,2012
7,CD11bGr1,1407587.252,Untreated,25,2012
7,CD11bGr1,2362271.303,Untreated,26,2012
7,CD11bGr1,1360476.988,TST,27,2012
7,CD11bGr1,5393085.105,TST,28,2012
7,CD11bGr1,4204182.857,TST,29,2012
7,Gr1highLy6C+,240407.7024,Untreated,24,2012
7,Gr1highLy6C+,401162.3669,Untreated,25,2012
7,Gr1highLy6C+,581118.7405,Untreated,26,2012
7,Gr1highLy6C+,884310.0421,TST,27,2012
7,Gr1highLy6C+,1995441.489,TST,28,2012
7,Gr1highLy6C+,1336930.149,TST,29,2012
7,Gr1intLy6C+,506026.6995,Untreated,24,2012
7,Gr1intLy6C+,769950.227,Untreated,25,2012
7,Gr1intLy6C+,1407913.696,Untreated,26,2012
7,Gr1intLy6C+,371410.2177,TST,27,2012
7,Gr1intLy6C+,3133382.446,TST,28,2012
7,Gr1intLy6C+,2585572.457,TST,29,2012
7,Gr1lowLy6C-,347555.7046,Untreated,24,2012
7,Gr1lowLy6C-,363157.5111,Untreated,25,2012
7,Gr1lowLy6C-,737028.6465,Untreated,26,2012
7,Gr1lowLy6C-,61221.46445,TST,27,2012
7,Gr1lowLy6C-,695707.9786,TST,28,2012
7,Gr1lowLy6C-,454051.7486,TST,29,2012
7,NK,111635.3784,Untreated,24,2012
7,NK,44802.06456,Untreated,25,2012
7,NK,99640.82746,Untreated,26,2012
7,NK,483457.1729,TST,27,2012
7,NK,1187157.099,TST,28,2012
7,NK,1257325.714,TST,29,2012
7,HostCD8,37932.73662,Untreated,24,2012
7,HostCD8,7916.080328,Untreated,25,2012
7,HostCD8,148358.8525,Untreated,26,2012
7,HostCD8,151559.9868,TST,27,2012
7,HostCD8,181186.3637,TST,28,2012
7,HostCD8,84811.98606,TST,29,2012